Athlete_ID,Event_ID,Registration_Date
400,100001,'2023-06-01'
401,100002,'2023-06-02'
402,100003,'2023-06-03'
403,100004,'2023-06-04'
404,100005,'2023-06-05'
405,100006,'2023-06-06'
406,100007,'2023-06-07'
407,100008,'2023-06-08'
408,100009,'2023-06-09'
409,100010,'2023-06-10'
410,100011,'2023-06-11'
411,100012,'2023-06-12'
412,100013,'2023-06-13'
413,100014,'2023-06-14'
414,100015,'2023-06-15'
415,100016,'2023-06-16'
416,100017,'2023-06-17'
417,100018,'2023-06-18'
418,100019,'2023-06-19'
419,100020,'2023-06-20'
420,100021,'2023-06-21'
421,100022,'2023-06-22'
422,100023,'2023-06-23'
423,100024,'2023-06-24'
424,100025,'2023-06-25'
425,100026,'2023-06-26'
426,100027,'2023-06-27'
427,100028,'2023-06-28'
428,100029,'2023-06-29'
429,100030,'2023-06-30'
430,100031,'2023-07-01'
431,100032,'2023-07-02'
432,100033,'2023-07-03'
433,100034,'2023-07-04'
434,100035,'2023-07-05'
435,100036,'2023-07-06'
436,100037,'2023-07-07'
437,100038,'2023-07-08'
438,100039,'2023-07-09'
439,100040,'2023-07-10'
440,100041,'2023-07-11'
441,100042,'2023-07-12'
442,100043,'2023-07-13'
443,100044,'2023-07-14'
444,100045,'2023-07-15'
445,100046,'2023-07-16'
446,100047,'2023-07-17'
447,100048,'2023-07-18'
448,100049,'2023-07-19'
449,100050,'2023-07-20'
450,100051,'2023-07-21'
451,100052,'2023-07-22'
452,100053,'2023-07-23'
453,100054,'2023-07-24'
454,100055,'2023-07-25'
455,100056,'2023-07-26'
456,100057,'2023-07-27'
457,100058,'2023-07-28'
458,100059,'2023-07-29'
459,100060,'2023-07-30'
460,100061,'2023-07-31'
461,100062,'2023-08-01'
462,100063,'2023-08-02'
463,100064,'2023-08-03'
464,100065,'2023-08-04'
465,100066,'2023-08-05'
466,100067,'2023-08-06'
467,100068,'2023-08-07'
468,100069,'2023-08-08'
469,100070,'2023-08-09'
470,100071,'2023-08-10'
471,100072,'2023-08-11'
472,100073,'2023-08-12'
473,100074,'2023-08-13'
474,100075,'2023-08-14'
475,100076,'2023-08-15'
476,100077,'2023-08-16'
477,100078,'2023-08-17'
478,100079,'2023-08-18'
479,100080,'2023-08-19'
480,100081,'2023-08-20'
481,100082,'2023-08-21'
482,100083,'2023-08-22'
483,100084,'2023-08-23'
484,100085,'2023-08-24'
485,100086,'2023-08-25'
486,100087,'2023-08-26'
487,100088,'2023-08-27'
488,100089,'2023-08-28'
489,100090,'2023-08-29'
490,100091,'2023-08-30'
491,100092,'2023-08-31'
492,100093,'2023-09-01'
493,100094,'2023-09-02'
494,100095,'2023-09-03'
495,100096,'2023-09-04'
496,100097,'2023-09-05'
497,100098,'2023-09-06'
498,100099,'2023-09-07'
499,100100,'2023-09-08'
500,100101,'2023-09-09'
501,100102,'2023-09-10'
502,100103,'2023-09-11'
503,100104,'2023-09-12'
504,100105,'2023-09-13'
505,100106,'2023-09-14'
506,100107,'2023-09-15'
507,100108,'2023-09-16'
508,100109,'2023-09-17'
509,100110,'2023-09-18'
510,100111,'2023-09-19'
511,100112,'2023-09-20'
512,100113,'2023-09-21'
513,100114,'2023-09-22'
514,100115,'2023-09-23'
515,100116,'2023-09-24'
516,100117,'2023-09-25'
517,100118,'2023-09-26'
518,100119,'2023-09-27'
519,100120,'2023-09-28'
520,100121,'2023-09-29'
521,100122,'2023-09-30'
522,100123,'2023-10-01'
523,100124,'2023-10-02'
524,100125,'2023-10-03'
525,100126,'2023-10-04'
526,100127,'2023-10-05'
527,100128,'2023-10-06'
528,100129,'2023-10-07'
529,100130,'2023-10-08'
530,100131,'2023-10-09'
531,100132,'2023-10-10'
532,100133,'2023-10-11'
533,100134,'2023-10-12'
534,100135,'2023-10-13'
535,100136,'2023-10-14'
536,100137,'2023-10-15'
537,100138,'2023-10-16'
538,100139,'2023-10-17'
539,100140,'2023-10-18'
540,100141,'2023-10-19'
541,100142,'2023-10-20'
542,100143,'2023-10-21'
543,100144,'2023-10-22'
544,100145,'2023-10-23'
545,100146,'2023-10-24'
546,100147,'2023-10-25'
547,100148,'2023-10-26'
548,100149,'2023-10-27'
549,100150,'2023-10-28'
550,100151,'2023-10-29'
551,100152,'2023-10-30'
552,100153,'2023-10-31'
553,100154,'2023-11-01'
554,100155,'2023-11-02'
555,100156,'2023-11-03'
556,100157,'2023-11-04'
557,100158,'2023-11-05'
558,100159,'2023-11-06'
559,100160,'2023-11-07'
560,100161,'2023-11-08'
561,100162,'2023-11-09'
562,100163,'2023-11-10'
563,100164,'2023-11-11'
564,100165,'2023-11-12'
565,100166,'2023-11-13'
566,100167,'2023-11-14'
567,100168,'2023-11-15'
568,100169,'2023-11-16'
569,100170,'2023-11-17'
570,100171,'2023-11-18'
571,100172,'2023-11-19'
572,100173,'2023-11-20'
573,100174,'2023-11-21'
574,100175,'2023-11-22'
575,100176,'2023-11-23'
576,100177,'2023-11-24'
577,100178,'2023-11-25'
578,100179,'2023-11-26'
579,100180,'2023-11-27'
580,100181,'2023-11-28'
581,100182,'2023-11-29'
582,100183,'2023-11-30'
583,100184,'2023-12-01'
584,100185,'2023-12-02'
585,100186,'2023-12-03'
586,100187,'2023-12-04'
587,100188,'2023-12-05'
588,100189,'2023-12-06'
589,100190,'2023-12-07'
590,100191,'2023-12-08'
591,100192,'2023-12-09'
592,100193,'2023-12-10'
593,100194,'2023-12-11'
594,100195,'2023-12-12'
595,100196,'2023-12-13'
596,100197,'2023-12-14'
597,100198,'2023-12-15'
598,100199,'2023-12-16'
599,100200,'2023-12-17'
600,100201,'2023-12-18'
601,100202,'2023-12-19'
602,100203,'2023-12-20'
603,100204,'2023-12-21'
604,100205,'2023-12-22'
605,100206,'2023-12-23'
606,100207,'2023-12-24'
607,100208,'2023-12-25'
608,100209,'2023-12-26'
609,100210,'2023-12-27'
610,100211,'2023-12-28'
611,100212,'2023-12-29'
612,100213,'2023-12-30'
613,100214,'2023-12-31'
614,100215,'2024-01-01'
615,100216,'2024-01-02'
616,100217,'2024-01-03'
617,100218,'2024-01-04'
618,100219,'2024-01-05'
619,100220,'2024-01-06'
620,100221,'2024-01-07'
621,100222,'2024-01-08'
622,100223,'2024-01-09'
623,100224,'2024-01-10'
624,100225,'2024-01-11'
625,100226,'2024-01-12'
626,100227,'2024-01-13'
627,100228,'2024-01-14'
628,100229,'2024-01-15'
629,100230,'2024-01-16'
630,100231,'2024-01-17'
631,100232,'2024-01-18'
632,100233,'2024-01-19'
633,100234,'2024-01-20'
634,100235,'2024-01-21'
635,100236,'2024-01-22'
636,100237,'2024-01-23'
637,100238,'2024-01-24'
638,100239,'2024-01-25'
639,100240,'2024-01-26'
640,100241,'2024-01-27'
641,100242,'2024-01-28'
642,100243,'2024-01-29'
643,100244,'2024-01-30'
644,100245,'2024-01-31'
645,100246,'2024-02-01'
646,100247,'2024-02-02'
647,100248,'2024-02-03'
648,100249,'2024-02-04'
649,100250,'2024-02-05'
650,100251,'2024-02-06'
651,100252,'2024-02-07'
652,100253,'2024-02-08'
653,100254,'2024-02-09'
654,100255,'2024-02-10'
655,100256,'2024-02-11'
656,100257,'2024-02-12'
657,100258,'2024-02-13'
658,100259,'2024-02-14'
659,100260,'2024-02-15'
660,100261,'2024-02-16'
661,100262,'2024-02-17'
662,100263,'2024-02-18'
663,100264,'2024-02-19'
664,100265,'2024-02-20'
665,100266,'2024-02-21'
666,100267,'2024-02-22'
667,100268,'2024-02-23'
668,100269,'2024-02-24'
669,100270,'2024-02-25'
670,100271,'2024-02-26'
671,100272,'2024-02-27'
672,100273,'2024-02-28'
673,100274,'2024-03-01'
674,100275,'2024-03-02'
675,100276,'2024-03-03'
676,100277,'2024-03-04'
677,100278,'2024-03-05'
678,100279,'2024-03-06'
679,100280,'2024-03-07'
680,100281,'2024-03-08'
681,100282,'2024-03-09'
682,100283,'2024-03-10'
683,100284,'2024-03-11'
684,100285,'2024-03-12'
685,100286,'2024-03-13'
686,100287,'2024-03-14'
687,100288,'2024-03-15'
688,100289,'2024-03-16'
689,100290,'2024-03-17'
690,100291,'2024-03-18'
691,100292,'2024-03-19'
692,100293,'2024-03-20'
693,100294,'2024-03-21'
694,100295,'2024-03-22'
695,100296,'2024-03-23'
696,100297,'2024-03-24'
697,100298,'2024-03-25'
698,100299,'2024-03-26'
699,100300,'2024-03-27'
700,100001,'2023-06-01'
701,100002,'2023-06-02'
702,100003,'2023-06-03'
703,100004,'2023-06-04'
704,100005,'2023-06-05'
705,100006,'2023-06-06'
706,100007,'2023-06-07'
707,100008,'2023-06-08'
708,100009,'2023-06-09'
709,100010,'2023-06-10'
710,100011,'2023-06-11'
711,100012,'2023-06-12'
712,100013,'2023-06-13'
713,100014,'2023-06-14'
714,100015,'2023-06-15'
715,100016,'2023-06-16'
716,100017,'2023-06-17'
717,100018,'2023-06-18'
718,100019,'2023-06-19'
719,100020,'2023-06-20'
720,100021,'2023-06-21'
721,100022,'2023-06-22'
722,100023,'2023-06-23'
723,100024,'2023-06-24'
724,100025,'2023-06-25'
725,100026,'2023-06-26'
726,100027,'2023-06-27'
727,100028,'2023-06-28'
728,100029,'2023-06-29'
729,100030,'2023-06-30'
730,100031,'2023-07-01'
731,100032,'2023-07-02'
732,100033,'2023-07-03'
733,100034,'2023-07-04'
734,100035,'2023-07-05'
735,100036,'2023-07-06'
736,100037,'2023-07-07'
737,100038,'2023-07-08'
738,100039,'2023-07-09'
739,100040,'2023-07-10'
740,100041,'2023-07-11'
741,100042,'2023-07-12'
742,100043,'2023-07-13'
743,100044,'2023-07-14'
744,100045,'2023-07-15'
745,100046,'2023-07-16'
746,100047,'2023-07-17'
747,100048,'2023-07-18'
748,100049,'2023-07-19'
749,100050,'2023-07-20'
750,100051,'2023-07-21'
751,100052,'2023-07-22'
752,100053,'2023-07-23'
753,100054,'2023-07-24'
754,100055,'2023-07-25'
755,100056,'2023-07-26'
756,100057,'2023-07-27'
757,100058,'2023-07-28'
758,100059,'2023-07-29'
759,100060,'2023-07-30'
760,100061,'2023-07-31'
761,100062,'2023-08-01'
762,100063,'2023-08-02'
763,100064,'2023-08-03'
764,100065,'2023-08-04'
765,100066,'2023-08-05'
766,100067,'2023-08-06'
767,100068,'2023-08-07'
768,100069,'2023-08-08'
769,100070,'2023-08-09'
770,100071,'2023-08-10'
771,100072,'2023-08-11'
772,100073,'2023-08-12'
773,100074,'2023-08-13'
774,100075,'2023-08-14'
775,100076,'2023-08-15'
776,100077,'2023-08-16'
777,100078,'2023-08-17'
778,100079,'2023-08-18'
779,100080,'2023-08-19'
780,100081,'2023-08-20'
781,100082,'2023-08-21'
782,100083,'2023-08-22'
783,100084,'2023-08-23'
784,100085,'2023-08-24'
785,100086,'2023-08-25'
786,100087,'2023-08-26'
787,100088,'2023-08-27'
788,100089,'2023-08-28'
789,100090,'2023-08-29'
790,100091,'2023-08-30'
791,100092,'2023-08-31'
792,100093,'2023-09-01'
793,100094,'2023-09-02'
794,100095,'2023-09-03'
795,100096,'2023-09-04'
796,100097,'2023-09-05'
797,100098,'2023-09-06'
798,100099,'2023-09-07'