Athlete_ID,Start_Date,End_Date,Competition_Type,Sport,Event_ID
400,'2024-06-01','2024-06-01','Individual','clout shooting',100001
401,'2024-06-02','2024-06-02','Individual','field archery',100002
402,'2024-06-03','2024-06-03','Individual','flight shooting',100003
403,'2024-06-04','2024-06-04','Individual','kyūdō',100004
404,'2024-06-05','2024-06-05','Individual','roving',100005
405,'2024-06-06','2024-06-06','Individual','association croquet',100006
406,'2024-06-07','2024-06-07','Individual','badminton',100007
407,'2024-06-08','2024-06-08','Individual','biathlon',100008
408,'2024-06-09','2024-06-09','Individual','birling',100009
409,'2024-06-10','2024-06-10','Individual','boccie',100010
410,'2024-06-11','2024-06-11','Individual','bodybuilding',100011
411,'2024-06-12','2024-06-12','Individual','boules',100012
412,'2024-06-13','2024-06-13','Individual','bowling',100013
413,'2024-06-14','2024-06-14','Individual','candlepins',100014
414,'2024-06-15','2024-06-15','Individual','cocked hat',100015
415,'2024-06-16','2024-06-16','Individual','duckpins',100016
416,'2024-06-17','2024-06-17','Individual','ninepins',100017
417,'2024-06-18','2024-06-18','Individual','skittles',100018
418,'2024-06-19','2024-06-19','Individual','bowls',100019
419,'2024-06-20','2024-06-20','Individual','boxing',100020
420,'2024-06-21','2024-06-21','Individual','croquet',100021
421,'2024-06-22','2024-06-22','Individual','cross-country',100022
422,'2024-06-23','2024-06-23','Individual','darts',100023
423,'2024-06-24','2024-06-24','Individual','deck tennis',100024
424,'2024-06-25','2024-06-25','Individual','diving',100025
425,'2024-06-26','2024-06-26','Individual','fencing',100026
426,'2024-06-27','2024-06-27','Individual','kendo',100027
427,'2024-06-28','2024-06-28','Individual','golf',100028
428,'2024-06-29','2024-06-29','Individual','gymnastics',100029
429,'2024-06-30','2024-06-30','Individual','balance beam',100030
430,'2024-07-01','2024-07-01','Individual','floor exercise',100031
431,'2024-07-02','2024-07-02','Individual','horizontal bar',100032
432,'2024-07-03','2024-07-03','Individual','parallel bars',100033
433,'2024-07-04','2024-07-04','Individual','pommel horse',100034
434,'2024-07-05','2024-07-05','Individual','rhythmic gymnastics',100035
435,'2024-07-06','2024-07-06','Individual','rings',100036
436,'2024-07-07','2024-07-07','Individual','uneven parallel bars',100037
437,'2024-07-08','2024-07-08','Individual','vaulting',100038
438,'2024-07-09','2024-07-09','Individual','handball',100039
439,'2024-07-10','2024-07-10','Individual','horseshoe pitching',100040
440,'2024-07-11','2024-07-11','Individual','jai alai',100041
441,'2024-07-12','2024-07-12','Individual','martial arts',100042
442,'2024-07-13','2024-07-13','Individual','aikido',100043
443,'2024-07-14','2024-07-14','Individual','capoeira',100044
444,'2024-07-15','2024-07-15','Individual','hapkido',100045
445,'2024-07-16','2024-07-16','Individual','judo',100046
446,'2024-07-17','2024-07-17','Individual','jujitsu',100047
447,'2024-07-18','2024-07-18','Individual','karate',100048
448,'2024-07-19','2024-07-19','Individual','kendō',100049
449,'2024-07-20','2024-07-20','Individual','kung fu',100050
450,'2024-07-21','2024-07-21','Individual','pankration',100051
451,'2024-07-22','2024-07-22','Individual','savate',100052
452,'2024-07-23','2024-07-23','Individual','tai chi chuan',100053
453,'2024-07-24','2024-07-24','Individual','tae kwon do',100054
454,'2024-07-25','2024-07-25','Individual','mountaineering',100055
455,'2024-07-26','2024-07-26','Individual','orienteering',100056
456,'2024-07-27','2024-07-27','Individual','pall-mall',100057
457,'2024-07-28','2024-07-28','Individual','pelota',100058
458,'2024-07-29','2024-07-29','Individual','pentathlon',100059
459,'2024-07-30','2024-07-30','Individual','quoits',100060
460,'2024-07-31','2024-07-31','Individual','rackets',100061
461,'2024-08-01','2024-08-01','Individual','racquetball',100062
462,'2024-08-02','2024-08-02','Individual','real tennis',100063
463,'2024-08-03','2024-08-03','Individual','shooting',100064
464,'2024-08-04','2024-08-04','Individual','skeet shooting',100065
465,'2024-08-05','2024-08-05','Individual','trapshooting',100066
466,'2024-08-06','2024-08-06','Individual','shuffleboard',100067
467,'2024-08-07','2024-08-07','Individual','skating',100068
468,'2024-08-08','2024-08-08','Individual','ice skating',100069
469,'2024-08-09','2024-08-09','Individual','figure skating',100070
470,'2024-08-10','2024-08-10','Individual','speed skating',100071
471,'2024-08-11','2024-08-11','Individual','short-track speed skating',100072
472,'2024-08-12','2024-08-12','Individual','roller-skating',100073
473,'2024-08-13','2024-08-13','Individual','skibobbing',100074
474,'2024-08-14','2024-08-14','Individual','skiing',100075
475,'2024-08-15','2024-08-15','Individual','Alpine skiing',100076
476,'2024-08-16','2024-08-16','Individual','downhill skiing',100077
477,'2024-08-17','2024-08-17','Individual','slalom',100078
478,'2024-08-18','2024-08-18','Individual','freestyle skiing',100079
479,'2024-08-19','2024-08-19','Individual','Nordic skiing',100080
480,'2024-08-20','2024-08-20','Individual','cross-country skiing',100081
481,'2024-08-21','2024-08-21','Individual','ski jumping',100082
482,'2024-08-22','2024-08-22','Individual','speed skiing',100083
483,'2024-08-23','2024-08-23','Individual','waterskiing',100084
484,'2024-08-24','2024-08-24','Individual','snowboarding',100085
485,'2024-08-25','2024-08-25','Individual','squash rackets',100086
486,'2024-08-26','2024-08-26','Individual','squash tennis',100087
487,'2024-08-27','2024-08-27','Individual','swimming',100088
488,'2024-08-28','2024-08-28','Individual','synchronized swimming',100089
489,'2024-08-29','2024-08-29','Individual','tennis',100090
490,'2024-08-30','2024-08-30','Individual','paddle tennis',100091
491,'2024-08-31','2024-08-31','Individual','table tennis',100092
492,'2024-09-01','2024-09-01','Individual','track-and-field sports/athletics',100093
493,'2024-09-02','2024-09-02','Individual','decathlon',100094
494,'2024-09-03','2024-09-03','Individual','discus throw',100095
495,'2024-09-04','2024-09-04','Individual','hammer throw',100096
496,'2024-09-05','2024-09-05','Individual','heptathlon',100097
497,'2024-09-06','2024-09-06','Individual','high jump',100098
498,'2024-09-07','2024-09-07','Individual','javelin throw',100099
499,'2024-09-08','2024-09-08','Individual','long jump',100100
500,'2024-09-09','2024-09-09','Individual','pole vault',100101
501,'2024-09-10','2024-09-10','Individual','running',100102
502,'2024-09-11','2024-09-11','Individual','hurdling',100103
503,'2024-09-12','2024-09-12','Individual','long-distance running',100104
504,'2024-09-13','2024-09-13','Individual','marathon',100105
505,'2024-09-14','2024-09-14','Individual','middle-distance running',100106
506,'2024-09-15','2024-09-15','Individual','sprint',100107
507,'2024-09-16','2024-09-16','Individual','steeplechase',100108
508,'2024-09-17','2024-09-17','Individual','shot put',100109
509,'2024-09-18','2024-09-18','Individual','triple jump',100110
510,'2024-09-19','2024-09-19','Individual','triathlon',100111
511,'2024-09-20','2024-09-20','Individual','underwater diving',100112
512,'2024-09-21','2024-09-21','Individual','weightlifting',100113
513,'2024-09-22','2024-09-22','Individual','powerlifting',100114
514,'2024-09-23','2024-09-23','Individual','weight throw',100115
515,'2024-09-24','2024-09-24','Individual','wrestling',100116
516,'2024-09-25','2024-09-25','Individual','catch-as-catch-can wrestling',100117
517,'2024-09-26','2024-09-26','Individual','Cornish wrestling',100118
518,'2024-09-27','2024-09-27','Individual','Cumberland wrestling',100119
519,'2024-09-28','2024-09-28','Individual','freestyle wrestling',100120
520,'2024-09-29','2024-09-29','Individual','Greco-Roman wrestling',100121
521,'2024-09-30','2024-09-30','Individual','sambo',100122
522,'2024-10-01','2024-10-01','Individual','Schwingen',100123
523,'2024-10-02','2024-10-02','Individual','sumo',100124
524,'2024-10-03','2024-10-03','Individual','archery',100125
525,'2024-10-04','2024-10-04','Team','association croquet',100126
526,'2024-10-05','2024-10-05','Team','badminton',100127
527,'2024-10-06','2024-10-06','Team','bandy',100128
528,'2024-10-07','2024-10-07','Team','baseball',100129
529,'2024-10-08','2024-10-08','Team','basketball',100130
530,'2024-10-09','2024-10-09','Team','biathlon',100131
531,'2024-10-10','2024-10-10','Team','boccie',100132
532,'2024-10-11','2024-10-11','Team','boules',100133
533,'2024-10-12','2024-10-12','Team','bowling',100134
534,'2024-10-13','2024-10-13','Team','candlepins',100135
535,'2024-10-14','2024-10-14','Team','cocked hat',100136
536,'2024-10-15','2024-10-15','Team','duckpins',100137
537,'2024-10-16','2024-10-16','Team','bowls',100138
538,'2024-10-17','2024-10-17','Team','cricket',100139
539,'2024-10-18','2024-10-18','Team','Twenty20 cricket',100140
540,'2024-10-19','2024-10-19','Team','croquet',100141
541,'2024-10-20','2024-10-20','Team','cross-country',100142
542,'2024-10-21','2024-10-21','Team','curling',100143
543,'2024-10-22','2024-10-22','Team','darts',100144
544,'2024-10-23','2024-10-23','Team','deck tennis',100145
545,'2024-10-24','2024-10-24','Team','Eisstockschiessen',100146
546,'2024-10-25','2024-10-25','Team','field hockey',100147
547,'2024-10-26','2024-10-26','Team','fives',100148
548,'2024-10-27','2024-10-27','Team','football',100149
549,'2024-10-28','2024-10-28','Team','Australian rules football',100150
550,'2024-10-29','2024-10-29','Team','football (soccer)',100151
551,'2024-10-30','2024-10-30','Team','Gaelic football',100152
552,'2024-10-31','2024-10-31','Team','gridiron football',100153
553,'2024-11-01','2024-11-01','Team','rugby',100154
554,'2024-11-02','2024-11-02','Team','gymnastics',100155
555,'2024-11-03','2024-11-03','Team','rhythmic gymnastics',100156
556,'2024-11-04','2024-11-04','Team','handball',100157
557,'2024-11-05','2024-11-05','Team','Hooverball',100158
558,'2024-11-06','2024-11-06','Team','horseshoe pitching',100159
559,'2024-11-07','2024-11-07','Team','hurling',100160
560,'2024-11-08','2024-11-08','Team','ice hockey',100161
561,'2024-11-09','2024-11-09','Team','jai alai',100162
562,'2024-11-10','2024-11-10','Team','kabaddi',100163
563,'2024-11-11','2024-11-11','Team','korfball',100164
564,'2024-11-12','2024-11-12','Team','lacrosse',100165
565,'2024-11-13','2024-11-13','Team','box lacrosse',100166
566,'2024-11-14','2024-11-14','Team','netball',100167
567,'2024-11-15','2024-11-15','Team','orienteering',100168
568,'2024-11-16','2024-11-16','Team','pelota',100169
569,'2024-11-17','2024-11-17','Team','rackets',100170
570,'2024-11-18','2024-11-18','Team','racquetball',100171
571,'2024-11-19','2024-11-19','Team','real tennis',100172
572,'2024-11-20','2024-11-20','Team','rounders',100173
573,'2024-11-21','2024-11-21','Team','skating',100174
574,'2024-11-22','2024-11-22','Team','figure skating',100175
575,'2024-11-23','2024-11-23','Team','roller-skating',100176
576,'2024-11-24','2024-11-24','Team','speed skating',100177
577,'2024-11-25','2024-11-25','Team','skiing',100178
578,'2024-11-26','2024-11-26','Team','Nordic skiing',100179
579,'2024-11-27','2024-11-27','Team','cross-country skiing',100180
580,'2024-11-28','2024-11-28','Team','shinty',100181
581,'2024-11-29','2024-11-29','Team','shuffleboard',100182
582,'2024-11-30','2024-11-30','Team','softball',100183
583,'2024-12-01','2024-12-01','Team','squash rackets',100184
584,'2024-12-02','2024-12-02','Team','swimming',100185
585,'2024-12-03','2024-12-03','Team','synchronized swimming',100186
586,'2024-12-04','2024-12-04','Team','table tennis',100187
587,'2024-12-05','2024-12-05','Team','team handball',100188
588,'2024-12-06','2024-12-06','Team','tennis',100189
589,'2024-12-07','2024-12-07','Team','paddle tennis',100190
590,'2024-12-08','2024-12-08','Team','table tennis',100191
591,'2024-12-09','2024-12-09','Team','track-and-field sports/athletics',100192
592,'2024-12-10','2024-12-10','Team','running',100193
593,'2024-12-11','2024-12-11','Team','relay race',100194
594,'2024-12-12','2024-12-12','Team','triathlon',100195
595,'2024-12-13','2024-12-13','Team','tug-of-war',100196
596,'2024-12-14','2024-12-14','Team','volleyball',100197
597,'2024-12-15','2024-12-15','Team','water polo',100198
598,'2024-12-16','2024-12-16','Team','Diving',100199
599,'2024-12-17','2024-12-17','Team','basketball',100200
600,'2024-12-18','2024-12-18','Team','aerobatics',100201
601,'2024-12-19','2024-12-19','Team','air racing',100202
602,'2024-12-20','2024-12-20','Team','automobile racing',100203
603,'2024-12-21','2024-12-21','Team','drag racing',100204
604,'2024-12-22','2024-12-22','Team','Grand Prix racing',100205
605,'2024-12-23','2024-12-23','Team','gymkhana',100206
606,'2024-12-24','2024-12-24','Team','hill climb',100207
607,'2024-12-25','2024-12-25','Team','karting',100208
608,'2024-12-26','2024-12-26','Team','midget-car racing',100209
609,'2024-12-27','2024-12-27','Team','offroad racing',100210
610,'2024-12-28','2024-12-28','Team','rally',100211
611,'2024-12-29','2024-12-29','Team','speedway racing',100212
612,'2024-12-30','2024-12-30','Team','sports-car racing',100213
613,'2024-12-31','2024-12-31','Team','stock-car racing',100214
614,'2025-01-01','2025-01-01','Team','ballooning',100215
615,'2025-01-02','2025-01-02','Team','bullfighting',100216
616,'2025-01-03','2025-01-03','Team','rejoneo',100217
617,'2025-01-04','2025-01-04','Team','bungee jumping',100218
618,'2025-01-05','2025-01-05','Team','camel racing',100219
619,'2025-01-06','2025-01-06','Team','canoeing',100220
620,'2025-01-07','2025-01-07','Team','wild-water racing',100221
621,'2025-01-08','2025-01-08','Team','cockfighting',100222
622,'2025-01-09','2025-01-09','Team','cycling',100223
623,'2025-01-10','2025-01-10','Team','cycle ball',100224
624,'2025-01-11','2025-01-11','Team','cyclo-cross',100225
625,'2025-01-12','2025-01-12','Team','motor-paced race',100226
626,'2025-01-13','2025-01-13','Team','pursuit racing',100227
627,'2025-01-14','2025-01-14','Team','road race',100228
628,'2025-01-15','2025-01-15','Team','pursuit racing',100229
629,'2025-01-16','2025-01-16','Team','road race',100230
630,'2025-01-17','2025-01-17','Team','six-day race',100231
631,'2025-01-18','2025-01-18','Team','sprint',100232
632,'2025-01-19','2025-01-19','Team','dog racing',100233
633,'2025-01-20','2025-01-20','Team','dogsled racing',100234
634,'2025-01-21','2025-01-21','Team','fishing',100235
635,'2025-01-22','2025-01-22','Team','fly-fishing',100236
636,'2025-01-23','2025-01-23','Team','gladiatorial sports',100237
637,'2025-01-24','2025-01-24','Team','venationes',100238
638,'2025-01-25','2025-01-25','Team','gliding',100239
639,'2025-01-26','2025-01-26','Team','hang gliding',100240
640,'2025-01-27','2025-01-27','Team','paragliding',100241
641,'2025-01-28','2025-01-28','Team','horsemanship',100242
642,'2025-01-29','2025-01-29','Team','buzkashī',100243
643,'2025-01-30','2025-01-30','Team','chariot racing',100244
644,'2025-01-31','2025-01-31','Team','dressage',100245
645,'2025-02-01','2025-02-01','Team','harness racing',100246
646,'2025-02-02','2025-02-02','Team','horse racing',100247
647,'2025-02-03','2025-02-03','Team','hurdle race',100248
648,'2025-02-04','2025-02-04','Team','joust',100249
649,'2025-02-05','2025-02-05','Team','point-to-point',100250
650,'2025-02-06','2025-02-06','Team','quarter-horse racing',100251
651,'2025-02-07','2025-02-07','Team','show jumping',100252
652,'2025-02-08','2025-02-08','Team','steeplechase',100253
653,'2025-02-09','2025-02-09','Team','hunting',100254
654,'2025-02-10','2025-02-10','Team','coursing',100255
655,'2025-02-11','2025-02-11','Team','falconry',100256
656,'2025-02-12','2025-02-12','Team',field trial',100257
657,'2025-02-13','2025-02-13','Team','foxhunting',100258
658,'2025-02-14','2025-02-14','Team','iceboating',100259
659,'2025-02-15','2025-02-15','Team','motorcycle racing',100260
660,'2025-02-16','2025-02-16','Team','motocross',100261
661,'2025-02-17','2025-02-17','Team','motorcycle trial',100262
662,'2025-02-18','2025-02-18','Team','motor-paced race',100263
663,'2025-02-19','2025-02-19','Team','offroad racing',100264
664,'2025-02-20','2025-02-20','Team','speedway racing',100265
665,'2025-02-21','2025-02-21','Team','pigeon racing',100266
666,'2025-02-22','2025-02-22','Team','polo',100267
667,'2025-02-23','2025-02-23','Team','polocrosse',100268
668,'2025-02-24','2025-02-24','Team','rodeo',100269
669,'2025-02-25','2025-02-25','Team','bareback bronc-riding',100270
670,'2025-02-26','2025-02-26','Team','bull riding',100271
671,'2025-02-27','2025-02-27','Team','calf roping',100272
672,'2025-02-28','2025-02-28','Team','steer roping',100273
673,'2025-03-01','2025-03-01','Team','steer wrestling',100274
674,'2025-03-02','2025-03-02','Team','team roping',100275
675,'2025-03-03','2025-03-03','Team','rowing',100276
676,'2025-03-04','2025-03-04','Team','skateboarding',100277
677,'2025-03-05','2025-03-05','Team','skydiving',100278
678,'2025-03-06','2025-03-06','Team','sledding',100279
679,'2025-03-07','2025-03-07','Team','bobsledding',100280
680,'2025-03-08','2025-03-08','Team','lugeing',100281
681,'2025-03-09','2025-03-09','Team','skeleton sledding',100282
682,'2025-03-10','2025-03-10','Team','tobogganing',100283
683,'2025-03-11','2025-03-11','Team','surfing',100284
684,'2025-03-12','2025-03-12','Team','windsurfing',100285
685,'2025-03-13','2025-03-13','Team','tournament',100286
686,'2025-03-14','2025-03-14','Team','mêlée',100287
687,'2025-03-15','2025-03-15','Team','Badminton',100288
688,'2025-03-16','2025-03-16','Team','Baseball 5',100289
689,'2025-03-17','2025-03-17','Team','Baseball Softball',100290
690,'2025-03-18','2025-03-18','Team','Basketball',100291
691,'2025-03-19','2025-03-19','Team','Basketball 3x3',100292
692,'2025-03-20','2025-03-20','Team','Beach Handball',100293
693,'2025-03-21','2025-03-21','Team','Beach Volleyball',100294
694,'2025-03-22','2025-03-22','Team','Biathlon',100295
695,'2025-03-23','2025-03-23','Team','Bobsleigh',100296
696,'2025-03-24','2025-03-24','Team','Boxing',100297
697,'2025-03-25','2025-03-25','Team','Breaking',100298
698,'2025-03-26','2025-03-26','Team','swimming',100299
699,'2025-03-27','2025-03-27','Team','Badminton',100300
700,'2024-06-01','2024-06-01','Individual','clout shooting',100001
701,'2024-06-02','2024-06-02','Individual','field archery',100002
702,'2024-06-03','2024-06-03','Individual','flight shooting',100003
703,'2024-06-04','2024-06-04','Individual','kyūdō',100004
704,'2024-06-05','2024-06-05','Individual','roving',100005
705,'2024-06-06','2024-06-06','Individual','association croquet',100006
706,'2024-06-07','2024-06-07','Individual','badminton',100007
707,'2024-06-08','2024-06-08','Individual','biathlon',100008
708,'2024-06-09','2024-06-09','Individual','birling',100009
709,'2024-06-10','2024-06-10','Individual','boccie',100010
710,'2024-06-11','2024-06-11','Individual','bodybuilding',100011
711,'2024-06-12','2024-06-12','Individual','boules',100012
712,'2024-06-13','2024-06-13','Individual','bowling',100013
713,'2024-06-14','2024-06-14','Individual','candlepins',100014
714,'2024-06-15','2024-06-15','Individual','cocked hat',100015
715,'2024-06-16','2024-06-16','Individual','duckpins',100016
716,'2024-06-17','2024-06-17','Individual','ninepins',100017
717,'2024-06-18','2024-06-18','Individual','skittles',100018
718,'2024-06-19','2024-06-19','Individual','bowls',100019
719,'2024-06-20','2024-06-20','Individual','boxing',100020
720,'2024-06-21','2024-06-21','Individual','croquet',100021
721,'2024-06-22','2024-06-22','Individual','cross-country',100022
722,'2024-06-23','2024-06-23','Individual','darts',100023
723,'2024-06-24','2024-06-24','Individual','deck tennis',100024
724,'2024-06-25','2024-06-25','Individual','diving',100025
725,'2024-06-26','2024-06-26','Individual','fencing',100026
726,'2024-06-27','2024-06-27','Individual','kendo',100027
727,'2024-06-28','2024-06-28','Individual','golf',100028
728,'2024-06-29','2024-06-29','Individual','gymnastics',100029
729,'2024-06-30','2024-06-30','Individual','balance beam',100030
730,'2024-07-01','2024-07-01','Individual','floor exercise',100031
731,'2024-07-02','2024-07-02','Individual','horizontal bar',100032
732,'2024-07-03','2024-07-03','Individual','parallel bars',100033
733,'2024-07-04','2024-07-04','Individual','pommel horse',100034
734,'2024-07-05','2024-07-05','Individual','rhythmic gymnastics',100035
735,'2024-07-06','2024-07-06','Individual','rings',100036
736,'2024-07-07','2024-07-07','Individual','uneven parallel bars',100037
737,'2024-07-08','2024-07-08','Individual','vaulting',100038
738,'2024-07-09','2024-07-09','Individual','handball',100039
739,'2024-07-10','2024-07-10','Individual','horseshoe pitching',100040
740,'2024-07-11','2024-07-11','Individual','jai alai',100041
741,'2024-07-12','2024-07-12','Individual','martial arts',100042
742,'2024-07-13','2024-07-13','Individual','aikido',100043
743,'2024-07-14','2024-07-14','Individual','capoeira',100044
744,'2024-07-15','2024-07-15','Individual','hapkido',100045
745,'2024-07-16','2024-07-16','Individual','judo',100046
746,'2024-07-17','2024-07-17','Individual','jujitsu',100047
747,'2024-07-18','2024-07-18','Individual','karate',100048
748,'2024-07-19','2024-07-19','Individual','kendō',100049
749,'2024-07-20','2024-07-20','Individual','kung fu',100050
750,'2024-07-21','2024-07-21','Individual','pankration',100051
751,'2024-07-22','2024-07-22','Individual','savate',100052
752,'2024-07-23','2024-07-23','Individual','tai chi chuan',100053
753,'2024-07-24','2024-07-24','Individual','tae kwon do',100054
754,'2024-07-25','2024-07-25','Individual','mountaineering',100055
755,'2024-07-26','2024-07-26','Individual','orienteering',100056
756,'2024-07-27','2024-07-27','Individual','pall-mall',100057
757,'2024-07-28','2024-07-28','Individual','pelota',100058
758,'2024-07-29','2024-07-29','Individual','pentathlon',100059
759,'2024-07-30','2024-07-30','Individual','quoits',100060
760,'2024-07-31','2024-07-31','Individual','rackets',100061
761,'2024-08-01','2024-08-01','Individual','racquetball',100062
762,'2024-08-02','2024-08-02','Individual','real tennis',100063
763,'2024-08-03','2024-08-03','Individual','shooting',100064
764,'2024-08-04','2024-08-04','Individual','skeet shooting',100065
765,'2024-08-05','2024-08-05','Individual','trapshooting',100066
766,'2024-08-06','2024-08-06','Individual','shuffleboard',100067
767,'2024-08-07','2024-08-07','Individual','skating',100068
768,'2024-08-08','2024-08-08','Individual','ice skating',100069
769,'2024-08-09','2024-08-09','Individual','figure skating',100070
770,'2024-08-10','2024-08-10','Individual','speed skating',100071
771,'2024-08-11','2024-08-11','Individual','short-track speed skating',100072
772,'2024-08-12','2024-08-12','Individual','roller-skating',100073
773,'2024-08-13','2024-08-13','Individual','skibobbing',100074
774,'2024-08-14','2024-08-14','Individual','skiing',100075
775,'2024-08-15','2024-08-15','Individual','Alpine skiing',100076
776,'2024-08-16','2024-08-16','Individual','downhill skiing',100077
777,'2024-08-17','2024-08-17','Individual','slalom',100078
778,'2024-08-18','2024-08-18','Individual','freestyle skiing',100079
779,'2024-08-19','2024-08-19','Individual','Nordic skiing',100080
780,'2024-08-20','2024-08-20','Individual','cross-country skiing',100081
781,'2024-08-21','2024-08-21','Individual','ski jumping',100082
782,'2024-08-22','2024-08-22','Individual','speed skiing',100083
783,'2024-08-23','2024-08-23','Individual','waterskiing',100084
784,'2024-08-24','2024-08-24','Individual','snowboarding',100085
785,'2024-08-25','2024-08-25','Individual','squash rackets',100086
786,'2024-08-26','2024-08-26','Individual','squash tennis',100087
787,'2024-08-27','2024-08-27','Individual','swimming',100088
788,'2024-08-28','2024-08-28','Individual','synchronized swimming',100089
789,'2024-08-29','2024-08-29','Individual','tennis',100090
790,'2024-08-30','2024-08-30','Individual','paddle tennis',100091
791,'2024-08-31','2024-08-31','Individual','table tennis',100092
792,'2024-09-01','2024-09-01','Individual','track-and-field sports/athletics',100093
793,'2024-09-02','2024-09-02','Individual','decathlon',100094
794,'2024-09-03','2024-09-03','Individual','discus throw',100095
795,'2024-09-04','2024-09-04','Individual','hammer throw',100096
796,'2024-09-05','2024-09-05','Individual','heptathlon',100097
797,'2024-09-06','2024-09-06','Individual','high jump',100098
798,'2024-09-07','2024-09-07','Individual','Diving',100099